,def.spatialReference.title,"",0,"",0
,def.spatialReference.wkid.title,"",0,"",0
,def.spatialReference.vcsWkid.title,"",0,"",0
,def.spatialReference.latestWkid.title,"",0,"",0
,def.spatialReference.latestVcsWkid.title,"",0,"",0
,def.spatialReference.wkt.title,"",0,"",0
,def.spatialReferenceNode.title,"",0,"",0
,def.spatialReferenceNode.wkid.title,"",0,"",0
,def.spatialReferenceNode.vcsWkid.title,"",0,"",0
,def.spatialReferenceNode.latestWkid.title,"",0,"",0
,def.spatialReferenceNode.latestVcsWkid.title,"",0,"",0
,def.spatialReferenceNode.wkt.title,"",0,"",0
,def.extent.title,Extent,1,Étendue,1
,def.extent.xmin.title,"X min",1,"X min",1
,def.extent.ymin.title,"Y min",1,"Y min",1
,def.extent.xmax.title,"X max",1,"X max",1
,def.extent.ymax.title,"Y max",1,"Y max",1
,def.extentNode.title,"Extent",1,"Étendue",1
,def.extentNode.xmin.title,"X min",1,"X min",1
,def.extentNode.ymin.title,"Y min",1,"Y min",1
,def.extentNode.xmax.title,"X max",1,"X max",1
,def.extentNode.ymax.title,"Y max",1,"Y max",1
,def.extentWithReferenceNode.title,"Extent",1,"Étendue",1
,def.extentWithReferenceNode.xmin.title,"X min",1,"X min",1
,def.extentWithReferenceNode.ymin.title,"Y min",1,"Y min",1
,def.extentWithReferenceNode.xmax.title,"X max",1,"X max",1
,def.extentWithReferenceNode.ymax.title,"Y max",1,"Y max",1
,def.extentWithReferenceNode.spatialReference.title,"",0,"",0
,def.extentSetNode.title,"",0,"",0
,def.extentSetNode.id.title,"",0,"",0
,def.extentSetNode.spatialReference.title,"",0,"",0
,def.extentSetNode.default.title,"",0,"",0
,def.extentSetNode.full.title,"",0,"",0
,def.extentSetNode.maximum.title,"",0,"",0
,def.symbolNode.title,"",0,"",0
,def.symbolNode.label.title,"",0,"",0
,def.symbolNode.icon.title,"",0,"",0
,def.lodSetNode.title,"",0,"",0
,def.lodSetNode.id.title,"",0,"",0
,def.lodSetNode.lods.title,"",0,"",0
,def.tileSchemaNode.title,"",0,"",0
,def.tileSchemaNode.id.title,"",0,"",0
,def.tileSchemaNode.name.title,"",0,"",0
,def.tileSchemaNode.extentSetId.title,"",0,"",0
,def.tileSchemaNode.lodSetId.title,"",0,"",0
,def.tileSchemaNode.overviewUrl.title,"",0,"",0
,def.exportComponent.title,"",0,"",0
,def.exportComponent.isSelected.title,"",0,"",0
,def.exportComponent.isSelectable.title,"",0,"",0
,def.exportComponent.value.title,"",0,"",0
,def.legendExportComponent.title,"",0,"",0
,def.legendExportComponent.isSelected.title,"",0,"",0
,def.legendExportComponent.isSelectable.title,"",0,"",0
,def.legendExportComponent.value.title,"",0,"",0
,def.legendExportComponent.showInfoSymbology.title,"",0,"",0
,def.legendExportComponent.showControlledSymbology.title,"",0,"",0
,def.attributionNode.title,"",0,"",0
,def.attributionNode.text.title,"",0,"",0
,def.attributionNode.text.enabled.title,"",0,"",0
,def.attributionNode.text.value.title,"",0,"",0
,def.attributionNode.logo.title,"",0,"",0
,def.attributionNode.logo.enabled.title,"",0,"",0
,def.attributionNode.logo.value.title,"",0,"",0
,def.attributionNode.logo.link.title,"",0,"",0
,def.legendGroupControls.title,"",0,"",0
,def.legendEntryControls.title,"",0,"",0
,def.initialLayerSettings.title,"",0,"",0
,def.initialLayerSettings.opacity.title,"",0,"",0
,def.initialLayerSettings.visibility.title,"",0,"",0
,def.initialLayerSettings.boundingBox.title,"",0,"",0
,def.initialLayerSettings.query.title,"",0,"",0
,def.initialLayerSettings.snapshot.title,"",0,"",0
,def.initialLayerSettings.hovertips.title,"",0,"",0
,def.wmsLayerEntryNode.title,"",0,"",0
,def.wmsLayerEntryNode.id.title,"",0,"",0
,def.wmsLayerEntryNode.name.title,"",0,"",0
,def.wmsLayerEntryNode.allStyles.title,"",0,"",0
,def.wmsLayerEntryNode.currentStyle.title,"",0,"",0
,def.wmsLayerEntryNode.controls.title,"",0,"",0
,def.wmsLayerEntryNode.state.title,"",0,"",0
,def.dynamicLayerEntryNode.title,"",0,"",0
,def.dynamicLayerEntryNode.index.title,"",0,"",0
,def.dynamicLayerEntryNode.name.title,"",0,"",0
,def.dynamicLayerEntryNode.outfields.title,"",0,"",0
,def.dynamicLayerEntryNode.extent.title,"",0,"",0
,def.dynamicLayerEntryNode.controls.title,"",0,"",0
,def.dynamicLayerEntryNode.state.title,"",0,"",0
,def.dynamicLayerEntryNode.stateOnly.title,"",0,"",0
,def.dynamicLayerEntryNode.table.title,"",0,"",0
,def.entryGroup.title,"",0,"",0
,def.entryGroup.name.title,"",0,"",0
,def.entryGroup.expanded.title,"",0,"",0
,def.entryGroup.children.title,"",0,"",0
,def.entryGroup.controls.title,"",0,"",0
,def.entryGroup.disabledControls.title,"",0,"",0
,def.visibilitySet.title,"",0,"",0
,def.visibilitySet.exclusiveVisibility.title,"",0,"",0
,def.symbologyStack.title,"",0,"",0
,def.entry.title,"",0,"",0
,def.entry.layerId.title,"",0,"",0
,def.entry.hidden.title,"",0,"",0
,def.entry.controlledIds.title,"",0,"",0
,def.entry.entryIndex.title,"",0,"",0
,def.entry.entryId.title,"",0,"",0
,def.entry.coverIcon.title,"",0,"",0
,def.entry.description.title,"",0,"",0
,def.entry.symbologyStack.title,"",0,"",0
,def.entry.symbologyRenderStyle.title,"",0,"",0
,def.infoSection.title,"",0,"",0
,def.legendAuto.title,"",0,"",0
,def.legendAuto.type.title,"",0,"",0
,def.legendStructured.title,"",0,"",0
,def.legendStructured.type.title,"",0,"",0
,def.legendStructured.root.title,"",0,"",0
,def.tableNode.title,"",0,"",0
,def.tableNode.title.title,"",0,"",0
,def.tableNode.description.title,"",0,"",0
,def.tableNode.maximize.title,"",0,"",0
,def.tableNode.search.title,"",0,"",0
,def.tableNode.applyMap.title,"",0,"",0
,def.tableNode.columns.title,"",0,"",0
,def.columnNode.title,"",0,"",0
,def.columnNode.data.title,"",0,"",0
,def.columnNode.title.title,"",0,"",0
,def.columnNode.description.title,"",0,"",0
,def.columnNode.visible.title,"",0,"",0
,def.columnNode.width.title,"",0,"",0
,def.columnNode.sort.title,"",0,"",0
,def.columnNode.searchable.title,"",0,"",0
,def.columnNode.filter.title,"",0,"",0
,def.filterNode.title,"",0,"",0
,def.filterNode.type.title,"",0,"",0
,def.filterNode.value.title,"",0,"",0
,def.filterNode.static.title,"",0,"",0
,def.basicLayer.title,"",0,"",0
,def.basicLayer.id.title,"",0,"",0
,def.basicLayer.name.title,"",0,"",0
,def.basicLayer.url.title,"",0,"",0
,def.basicLayer.layerType.title,"",0,"",0
,def.basicLayer.toggleSymbology.title,"",0,"",0
,def.basicLayer.extent.title,"",0,"",0
,def.basicLayerNode.title,"",0,"",0
,def.basicLayerNode.id.title,"",0,"",0
,def.basicLayerNode.name.title,"",0,"",0
,def.basicLayerNode.url.title,"",0,"",0
,def.basicLayerNode.metadataUrl.title,"",0,"",0
,def.basicLayerNode.catalogueUrl.title,"",0,"",0
,def.basicLayerNode.layerType.title,"",0,"",0
,def.basicLayerNode.extent.title,"",0,"",0
,def.basicLayerNode.controls.title,"",0,"",0
,def.basicLayerNode.disabledControls.title,"",0,"",0
,def.basicLayerNode.state.title,"",0,"",0
,def.featureLayerNode.title,"",0,"",0
,def.featureLayerNode.id.title,"",0,"",0
,def.featureLayerNode.name.title,"",0,"",0
,def.featureLayerNode.nameField.title,"",0,"",0
,def.featureLayerNode.url.title,"",0,"",0
,def.featureLayerNode.metadataUrl.title,"",0,"",0
,def.featureLayerNode.catalogueUrl.title,"",0,"",0
,def.featureLayerNode.layerType.title,"",0,"",0
,def.featureLayerNode.toggleSymbology.title,"",0,"",0
,def.featureLayerNode.tolerance.title,"",0,"",0
,def.featureLayerNode.extent.title,"",0,"",0
,def.featureLayerNode.controls.title,"",0,"",0
,def.featureLayerNode.disabledControls.title,"",0,"",0
,def.featureLayerNode.state.title,"",0,"",0
,def.featureLayerNode.table.title,"",0,"",0
,def.wmsLayerNode.title,"",0,"",0
,def.wmsLayerNode.id.title,"",0,"",0
,def.wmsLayerNode.name.title,"",0,"",0
,def.wmsLayerNode.url.title,"",0,"",0
,def.wmsLayerNode.metadataUrl.title,"",0,"",0
,def.wmsLayerNode.catalogueUrl.title,"",0,"",0
,def.wmsLayerNode.layerEntries.title,"",0,"",0
,def.wmsLayerNode.layerType.title,"",0,"",0
,def.wmsLayerNode.featureInfoMimeType.title,"",0,"",0
,def.wmsLayerNode.legendMimeType.title,"",0,"",0
,def.wmsLayerNode.extent.title,"",0,"",0
,def.wmsLayerNode.controls.title,"",0,"",0
,def.wmsLayerNode.disabledControls.title,"",0,"",0
,def.wmsLayerNode.state.title,"",0,"",0
,def.dynamicLayerNode.title,"",0,"",0
,def.dynamicLayerNode.id.title,"",0,"",0
,def.dynamicLayerNode.name.title,"",0,"",0
,def.dynamicLayerNode.url.title,"",0,"",0
,def.dynamicLayerNode.metadataUrl.title,"",0,"",0
,def.dynamicLayerNode.catalogueUrl.title,"",0,"",0
,def.dynamicLayerNode.layerType.title,"",0,"",0
,def.dynamicLayerNode.toggleSymbology.title,"",0,"",0
,def.dynamicLayerNode.singleEntryCollapse.title,"",0,"",0
,def.dynamicLayerNode.layerEntries.title,"",0,"",0
,def.dynamicLayerNode.tolerance.title,"",0,"",0
,def.dynamicLayerNode.extent.title,"",0,"",0
,def.dynamicLayerNode.controls.title,"",0,"",0
,def.dynamicLayerNode.disabledControls.title,"",0,"",0
,def.dynamicLayerNode.state.title,"",0,"",0
,def.layerNode.title,"",0,"",0
,def.layerList.title,"",0,"",0
,def.baseMapNode.title,"",0,"",0
,def.baseMapNode.id.title,"",0,"",0
,def.baseMapNode.name.title,"",0,"",0
,def.baseMapNode.description.title,"",0,"",0
,def.baseMapNode.typeSummary.title,"",0,"",0
,def.baseMapNode.altText.title,"",0,"",0
,def.baseMapNode.thumbnailUrl.title,"",0,"",0
,def.baseMapNode.tileSchemaId.title,"",0,"",0
,def.baseMapNode.layers.title,"",0,"",0
,def.baseMapNode.attribution.title,"",0,"",0
,def.baseMapNode.zoomLevels.title,"",0,"",0
,def.baseMapNode.zoomLevels.min.title,"",0,"",0
,def.baseMapNode.zoomLevels.max.title,"",0,"",0
,def.sideMenuNode.title,"",0,"",0
,def.sideMenuNode.logo.title,"",0,"",0
,def.sideMenuNode.items.title,"",0,"",0
,def.sideMenuButtons.title,"",0,"",0
,def.appBarNode.title,"",0,"",0
,def.appBarNode.sideMenu.title,"",0,"",0
,def.appBarNode.geoSearch.title,"",0,"",0
,def.appBarNode.basemap.title,"",0,"",0
,def.appBarNode.layers.title,"",0,"",0
,def.navBarNode.title,"",0,"",0
,def.navBarNode.zoom.title,"",0,"",0
,def.navBarNode.extra.title,"",0,"",0
,def.navBarButtons.title,"",0,"",0
,def.mapComponentsNode.title,"",0,"",0
,def.mapComponentsNode.geoSearch.title,"",0,"",0
,def.mapComponentsNode.geoSearch.enabled.title,"",0,"",0
,def.mapComponentsNode.geoSearch.showGraphic.title,"",0,"",0
,def.mapComponentsNode.geoSearch.showInfo.title,"",0,"",0
,def.mapComponentsNode.mouseInfo.title,"",0,"",0
,def.mapComponentsNode.mouseInfo.spatialReference.title,"",0,"",0
,def.mapComponentsNode.northArrow.title,"",0,"",0
,def.mapComponentsNode.overviewMap.title,"",0,"",0
,def.mapComponentsNode.overviewMap.enabled.title,"",0,"",0
,def.mapComponentsNode.overviewMap.expandFactor.title,"",0,"",0
,def.mapComponentsNode.scaleBar.title,"",0,"",0
,def.mapComponentsNode.basemap.title,"",0,"",0
,def.circular.title,"",0,"",0
,def.circular.circRef.title,"",0,"",0
,def.extentSetNode.spatialReference.description,"The projection for the given extents",1,"",0
,def.extentSetNode.default.description,"The default (starting) extent.",1,"",0
,def.extentSetNode.full.description,"The full extent (should give good view of the whole map, not necessarily the maximum extent); default will be used if not supplied.",1,"",0
,def.extentSetNode.maximum.description,"The maximum extent; full or default extents will be used if not supplied.",1,"",0
,def.symbolNode.label.description,"description",1,"",0
,def.symbolNode.icon.description,"Graphical symbol as a URL (data URLs are encouraged for smaller symbols)",1,"",0
,def.lodSetNode.lods.description,"Level of details for a specific tile schema",1,"",0
,def.tileSchemaNode.id.description,"A unique id identifying a tile schema (combination of an extent set and a zoom scale)",1,"",0
,def.tileSchemaNode.name.description,"The name to display in the basemap selector for the set of basemaps referencing this schema",1,"",0
,def.tileSchemaNode.extentSetId.description,"The extent set to be used for this basemap (should reference map.extentSets.id)",1,"",0
,def.tileSchemaNode.lodSetId.description,"Optional.  The level of details set to be used for this basemap (should reference map.lod.id)",1,"",0
,def.tileSchemaNode.overviewUrl.description,"Optional. If set, the overview map will use this layer instead of the active basemap",1,"",0
,def.exportComponent.description,"This is the initial configuration for an export component.",1,"",0
,def.exportComponent.isSelected.description,"Indicates if the component is selected and included in the export graphic.",1,"",0
,def.exportComponent.isSelectable.description,"Indicates if the component can be included or excluded from the export graphic by the user.",1,"",0
,def.exportComponent.value.description,"Value to be passed to the generation function of this export component.",1,"",0
,def.legendExportComponent.description,"This is the initial configuration for a legend export component.",1,"",0
,def.legendExportComponent.isSelected.description,"Indicates if the component is selected and included in the export graphic.",1,"",0
,def.legendExportComponent.isSelectable.description,"Indicates if the component can be included or excluded from the export graphic by the user.",1,"",0
,def.legendExportComponent.value.description,"Value to be passed to the generation function of this export component.",1,"",0
,def.legendExportComponent.showInfoSymbology.description,"Indicates whether symbology from info sections should be included in export legend",1,"",0
,def.legendExportComponent.showControlledSymbology.description,"Indicates whether symbology from controlled layers should be included in export legend",1,"",0
,def.attributionNode.text.value.description,"Optional. Contains the attribution value. If empty, it will use copyright text from the server.",1,"",0
,def.attributionNode.logo.value.description,"URL for the image.",1,"",0
,def.attributionNode.logo.link.description,"URL to go to when clicked.",1,"",0
,def.legendGroupControls.description,"A list of all controls to be enabled on the specified group",1,"",0
,def.legendEntryControls.description,"A list of all controls to be enabled on the specified layer",1,"",0
,def.initialLayerSettings.opacity.description,"Initial opacity",1,"",0
,def.initialLayerSettings.visibility.description,"Initial visibility setting",1,"",0
,def.initialLayerSettings.boundingBox.description,"Display bounding box",1,"",0
,def.initialLayerSettings.query.description,"Allow querying",1,"",0
,def.initialLayerSettings.snapshot.description,"Retrieve all feature data immediately on load",1,"",0
,def.initialLayerSettings.hovertips.description,"Disable hover tips",1,"",0
,def.wmsLayerEntryNode.id.description,"The id of the layer entry in the WMS",1,"",0
,def.wmsLayerEntryNode.name.description,"A descriptive name for the layer.  To be used in the legend.",1,"",0
,def.wmsLayerEntryNode.allStyles.description,"All the styles for the layer entry in the WMS",1,"",0
,def.wmsLayerEntryNode.currentStyle.description,"The current style for the layer entry in the WMS",1,"",0
,def.dynamicLayerEntryNode.index.description,"The index of the layer in the map service.",1,"",0
,def.dynamicLayerEntryNode.name.description,"A descriptive name for the layer, can override the name coming from the service.",1,"",0
,def.dynamicLayerEntryNode.outfields.description,"A comma separated list of attribute names that should be requested on query.",1,"",0
,def.dynamicLayerEntryNode.extent.description,"Allows for overriding the bounding box supplied by the service.",1,"",0
,def.dynamicLayerEntryNode.stateOnly.description,"A flag indicating this entry is only for state tracking (i.e. it should not be displayed on the UI and all of the controls will be ignored, but the layer itself will be displayed on the map with the given state settings).",1,"",0
,def.dynamicLayerEntryNode.table.description,"Settings for table panel",1,"",0
,def.entryGroup.name.description,"Title of the group",1,"",0
,def.entry.description,"",1,"",0
,def.entry.layerId.description,"Link to a layer defined in the layers section",1,"",0
,def.entry.hidden.description,"Indicates that the legend block will be hidden from the UI and all its controls will be inaccessible to the user.",1,"",0
,def.entry.controlledIds.items.description,"Additional layer ids which are controlled by this layer",1,"",0
,def.entry.entryIndex.description,"Index of the 'sublayer' in the case of an ESRI dynamic layer.  This cannot point to an entry with stateOnly:true .",1,"",0
,def.entry.entryId.description,"Id of the 'sublayer' in the case of an OGC WMS layer",1,"",0
,def.entry.coverIcon.description,"An optional icon, if present it will be used to primarily represent the layer",1,"",0
,def.entry.description.description,"Optional description displayed above the symbology stack.",1,"",0
,def.entry.symbologyRenderStyle.description,"An optional style, describes how the symbology stack should be rendered",1,"",0
,def.tableNode.description,"Specifies how layers columns and global search are set",1,"",0
,def.tableNode.title.description,"Specifies the table title to apply.",1,"",0
,def.tableNode.description.description,"Specifies the additional information to display in the setting panel to give more information about a table.",1,"",0
,def.tableNode.maximize.description,"Specifies the default table size when first open. True: maximize view; False: split view.",1,"",0
,def.tableNode.search.value.description,"Specifies the default filter to apply to a table (for global search).",1,"",0
,def.tableNode.applyMap.description,"Specifies if the default filters (from columns filter) are apply to the map (definition query). True: it is applied; False: it is not applied.",1,"",0
,def.tableNode.columns.description,"Specifies the array of columns for the table. When there is an item in this array, it will be use to define wich and how column will be set for the table. If a column is not in the array it will be assume as disabled.",1,"",0
,def.columnNode.description,"Specifies option for each column. OID field must be present, if not data will not appear. The order they appears inside the table is the same as the order of this array.",1,"",0
,def.columnNode.data.description,"Specifies the field name (data) to use to link to the layer column. Must exist in the layer.",1,"",0
,def.columnNode.title.description,"Specifies the column title, uses the layer column name or alias if missing.",1,"",0
,def.columnNode.description.description,"Specifies the additional information to display in the setting panel to give more information about a column. Do not add description if missing.",1,"",0
,def.columnNode.visible.description,"Specifies if column is visible by default. True: column is visible; False: column is hidden.",1,"",0
,def.columnNode.width.description,"Specifies the column width. If missing, calculated column width will be use.",1,"",0
,def.columnNode.sort.description,"Specifies if column is sort. If missing, no sort is applied.",1,"",0
,def.columnNode.searchable.description,"Specifies if column can be filter. True: column can be filter; False: no filter can be applied from global search or filter. If this is false, do not set a filter because it will not be use.",1,"",0
,def.filterNode.description,"Specifies the filter information for a column.",1,"",0
,def.filterNode.type.description,"Specifies the filter type to use. If type is not specified, data field type will be use. String filter can be string or selector. Other filter must be the same type. If not, apply on map will fails.",1,"",0
,def.filterNode.value.description,"Specifies the filter value. For date and number values are split by ',' (e.g. 0,100). For selector it needs an array like [\""Fire\"", \""Fatality\""]",1,"",0
,def.filterNode.static.description,"Specifies if filter is modifiable. True: filter value can't be modified; False: filter value can be modified.",1,"",0
,def.basicLayer.id.description,"The id of the layer for referencing within the viewer (does not relate directly to any external service)",1,"",0
,def.basicLayer.name.description,"The display name of the layer.  If it is not present the viewer will make an attempt to scrape this information.",1,"",0
,def.basicLayer.url.description,"The service endpoint of the layer.  It should match the type provided in layerType.",1,"",0
,def.basicLayer.toggleSymbology.description,"Allows individual symbols to have visibility toggled on/off.",1,"",0
,def.basicLayerNode.id.description,"The id of the layer for referencing within the viewer (does not relate directly to any external service)",1,"",0
,def.basicLayerNode.name.description,"The display name of the layer.  If it is not present the viewer will make an attempt to scrape this information.",1,"",0
,def.basicLayerNode.url.description,"The service endpoint of the layer.  It should match the type provided in layerType.",1,"",0
,def.basicLayerNode.metadataUrl.description,"The metadata url of the layer service",1,"",0
,def.basicLayerNode.catalogueUrl.description,"The catalogue url of the layer service",1,"",0
,def.basicLayerNode.disabledControls.description,"A list of controls which are blocked from modification either by the user or programmatically. These controls can be visible or not as defined in the `controls` array.",1,"",0
,def.featureLayerNode.id.description,"The id of the layer for referencing within the viewer (does not relate directly to any external service)",1,"",0
,def.featureLayerNode.name.description,"The display name of the layer.  If it is not present the viewer will make an attempt to scrape this information.",1,"",0
,def.featureLayerNode.nameField.description,"The display field of the layer.  If it is not present the viewer will make an attempt to scrape this information.",1,"",0
,def.featureLayerNode.url.description,"The service endpoint of the layer.  It should match the type provided in layerType.",1,"",0
,def.featureLayerNode.metadataUrl.description,"The metadata url of the layer service",1,"",0
,def.featureLayerNode.catalogueUrl.description,"The catalogue url of the layer service",1,"",0
,def.featureLayerNode.toggleSymbology.description,"Allows individual symbols to have visibility toggled on/off.",1,"",0
,def.featureLayerNode.tolerance.description,"Specifies the tolerance in pixels when determining if a feature was clicked. Should be non-negative integer",1,"",0
,def.featureLayerNode.disabledControls.description,"A list of controls which are visible, but disabled for user modification",1,"",0
,def.featureLayerNode.table.description,"Settings for the table",1,"",0
,def.wmsLayerNode.id.description,"The id of the layer for referencing within the viewer (does not relate directly to any external service)",1,"",0
,def.wmsLayerNode.name.description,"The display name of the layer.  If it is not present the viewer will make an attempt to scrape this information.",1,"",0
,def.wmsLayerNode.url.description,"The service endpoint of the layer.  It should match the type provided in layerType.",1,"",0
,def.wmsLayerNode.metadataUrl.description,"The metadata url of the layer service",1,"",0
,def.wmsLayerNode.catalogueUrl.description,"The catalogue url of the layer service",1,"",0
,def.wmsLayerNode.featureInfoMimeType.description,"If specified indicates that GetFeatureInfo should be enabled for this WMS and indicates the format that should be requested.",1,"",0
,def.wmsLayerNode.legendMimeType.description,"If specified indicates that GetLegendGraphic should be enabled for this WMS and indicates the format that should be requested.  FIXME check legendUrl for additional requirements",1,"",0
,def.wmsLayerNode.disabledControls.description,"A list of controls which are visible, but disabled for user modification",1,"",0
,def.dynamicLayerNode.id.description,"The id of the layer for referencing within the viewer (does not relate directly to any external service)",1,"",0
,def.dynamicLayerNode.name.description,"The display name of the layer.  If it is not present the viewer will make an attempt to scrape this information.",1,"",0
,def.dynamicLayerNode.url.description,"The service endpoint of the layer.  It should match the type provided in layerType.",1,"",0
,def.dynamicLayerNode.metadataUrl.description,"The metadata url of the layer service",1,"",0
,def.dynamicLayerNode.catalogueUrl.description,"The catalogue url of the layer service",1,"",0
,def.dynamicLayerNode.toggleSymbology.description,"Allows individual symbols to have visibility toggled on/off.",1,"",0
,def.dynamicLayerNode.singleEntryCollapse.description,"Indicates that the dynamic layer with a single layer entry should be rendered without the root group.",1,"",0
,def.dynamicLayerNode.tolerance.description,"Specifies the tolerance in pixels when determining if a feature was clicked. Should be non-negative integer",1,"",0
,def.dynamicLayerNode.disabledControls.description,"A list of controls which are visible, but disabled for user modification",1,"",0
,def.baseMapNode.id.description,"A unique identifier for the basemap",1,"",0
,def.baseMapNode.name.description,"Name of the basemap used for labeling",1,"",0
,def.baseMapNode.description.description,"Description of the basemap. Will be visible when basemap selector is expanded.Description of the basemap. Will be visible when basemap selector is expanded.",1,"",0
,def.baseMapNode.typeSummary.description,"Optional base map type. This is descriptive only, and will be shown in the basemap selector.",1,"",0
,def.baseMapNode.altText.description,"Alt text for the basemap thumbnail image.Alt text for the basemap thumbnail image.",1,"",0
,def.baseMapNode.thumbnailUrl.description,"Path to image file to display in the basemap selector.",1,"",0
,def.baseMapNode.tileSchemaId.description,"The tile schema for this basemap (should reference map.tileSchemas.id)",1,"",0
,def.baseMapNode.layers.description,"A set of URLs which should be composited to form a basemap entry",1,"",0
,def.sideMenuNode.description,"Specifies which options are available in the left side menu.",1,"",0
,def.sideMenuNode.logo.description,"Indicates if the logo should be shown in the left side menu.",1,"",0
,def.appBarNode.sideMenu.description,"Shows the side menu button in the main app toolbar.",1,"",0
,def.appBarNode.geoSearch.description,"Shows the geosearch button in the main app toolbar. The button will be hidden if geosearch component is disabled or no search service URLs are provided.",1,"",0
,def.appBarNode.basemap.description,"Shows the basemap selector button in the main app toolbar.",1,"",0
,def.appBarNode.layers.description,"Shows the layers button in the main app toolbar.",1,"",0
,def.spatialReference.default,"",0,"",0
,def.spatialReference.wkid.default,"",0,"",0
,def.spatialReference.vcsWkid.default,"",0,"",0
,def.spatialReference.latestWkid.default,"",0,"",0
,def.spatialReference.latestVcsWkid.default,"",0,"",0
,def.spatialReference.wkt.default,"",0,"",0
,def.spatialReferenceNode.default,"",0,"",0
,def.spatialReferenceNode.wkid.default,"",0,"",0
,def.spatialReferenceNode.vcsWkid.default,"",0,"",0
,def.spatialReferenceNode.latestWkid.default,"",0,"",0
,def.spatialReferenceNode.latestVcsWkid.default,"",0,"",0
,def.spatialReferenceNode.wkt.default,"",0,"",0
,def.extent.default,"",0,"",0
,def.extent.xmin.default,"",0,"",0
,def.extent.ymin.default,"",0,"",0
,def.extent.xmax.default,"",0,"",0
,def.extent.ymax.default,"",0,"",0
,def.extentNode.default,"",0,"",0
,def.extentNode.xmin.default,"",0,"",0
,def.extentNode.ymin.default,"",0,"",0
,def.extentNode.xmax.default,"",0,"",0
,def.extentNode.ymax.default,"",0,"",0
,def.extentWithReferenceNode.default,"",0,"",0
,def.extentWithReferenceNode.xmin.default,"",0,"",0
,def.extentWithReferenceNode.ymin.default,"",0,"",0
,def.extentWithReferenceNode.xmax.default,"",0,"",0
,def.extentWithReferenceNode.ymax.default,"",0,"",0
,def.extentWithReferenceNode.spatialReference.default,"",0,"",0
,def.extentSetNode.default,"",0,"",0
,def.extentSetNode.id.default,"",0,"",0
,def.extentSetNode.spatialReference.default,"",0,"",0
,def.extentSetNode.default.default,"",0,"",0
,def.extentSetNode.full.default,"",0,"",0
,def.extentSetNode.maximum.default,"",0,"",0
,def.symbolNode.default,"",0,"",0
,def.symbolNode.label.default,"",0,"",0
,def.symbolNode.icon.default,"",0,"",0
,def.lodSetNode.default,"",0,"",0
,def.lodSetNode.id.default,"",0,"",0
,def.lodSetNode.lods.default,"",0,"",0
,def.tileSchemaNode.default,"",0,"",0
,def.tileSchemaNode.id.default,"",0,"",0
,def.tileSchemaNode.name.default,"",0,"",0
,def.tileSchemaNode.extentSetId.default,"",0,"",0
,def.tileSchemaNode.lodSetId.default,"",0,"",0
,def.tileSchemaNode.overviewUrl.default,"",0,"",0
,def.exportComponent.default,"",0,"",0
,def.exportComponent.isSelected.default,true,1,"",0
,def.exportComponent.isSelectable.default,true,1,"",0
,def.exportComponent.value.default,"",0,"",0
,def.legendExportComponent.default,"",0,"",0
,def.legendExportComponent.isSelected.default,true,1,"",0
,def.legendExportComponent.isSelectable.default,true,1,"",0
,def.legendExportComponent.value.default,"",0,"",0
,def.legendExportComponent.showInfoSymbology.default,false,1,"",0
,def.legendExportComponent.showControlledSymbology.default,false,1,"",0
,def.attributionNode.default,"",0,"",0
,def.attributionNode.text.default,"",0,"",0
,def.attributionNode.text.enabled.default,true,1,"",0
,def.attributionNode.text.value.default,"",0,"",0
,def.attributionNode.logo.default,"",0,"",0
,def.attributionNode.logo.enabled.default,true,1,"",0
,def.attributionNode.logo.value.default,"",0,"",0
,def.attributionNode.logo.link.default,"",0,"",0
,def.legendGroupControls.default,"",0,"",0
,def.legendEntryControls.default,"",0,"",0
,def.initialLayerSettings.default,"",0,"",0
,def.initialLayerSettings.opacity.default,1,1,"",0
,def.initialLayerSettings.visibility.default,true,1,"",0
,def.initialLayerSettings.boundingBox.default,false,1,"",0
,def.initialLayerSettings.query.default,true,1,"",0
,def.initialLayerSettings.snapshot.default,false,1,"",0
,def.initialLayerSettings.hovertips.default,true,1,"",0
,def.wmsLayerEntryNode.default,"",0,"",0
,def.wmsLayerEntryNode.id.default,"",0,"",0
,def.wmsLayerEntryNode.name.default,"",0,"",0
,def.wmsLayerEntryNode.allStyles.default,"",0,"",0
,def.wmsLayerEntryNode.currentStyle.default,"",0,"",0
,def.wmsLayerEntryNode.controls.default,"",0,"",0
,def.wmsLayerEntryNode.state.default,"",0,"",0
,def.dynamicLayerEntryNode.default,"",0,"",0
,def.dynamicLayerEntryNode.index.default,"",0,"",0
,def.dynamicLayerEntryNode.name.default,"",0,"",0
,def.dynamicLayerEntryNode.outfields.default,*,1,"",0
,def.dynamicLayerEntryNode.extent.default,"",0,"",0
,def.dynamicLayerEntryNode.controls.default,"",0,"",0
,def.dynamicLayerEntryNode.state.default,"",0,"",0
,def.dynamicLayerEntryNode.stateOnly.default,false,1,"",0
,def.dynamicLayerEntryNode.table.default,"",0,"",0
,def.entryGroup.default,"",0,"",0
,def.entryGroup.name.default,"",0,"",0
,def.entryGroup.expanded.default,true,1,"",0
,def.entryGroup.children.default,"",0,"",0
,def.entryGroup.controls.default,"",0,"",0
,def.entryGroup.disabledControls.default,"",0,"",0
,def.visibilitySet.default,"",0,"",0
,def.visibilitySet.exclusiveVisibility.default,"",0,"",0
,def.symbologyStack.default,"",0,"",0
,def.entry.default,"",0,"",0
,def.entry.layerId.default,"",0,"",0
,def.entry.hidden.default,false,1,"",0
,def.entry.controlledIds.default,"[]",1,"",0
,def.entry.entryIndex.default,"",0,"",0
,def.entry.entryId.default,"",0,"",0
,def.entry.coverIcon.default,"",0,"",0
,def.entry.description.default,,1,"",0
,def.entry.symbologyStack.default,"",0,"",0
,def.entry.symbologyRenderStyle.default,"",0,"",0
,def.infoSection.default,"",0,"",0
,def.legendAuto.default,"",0,"",0
,def.legendAuto.type.default,"",0,"",0
,def.legendStructured.default,"",0,"",0
,def.legendStructured.type.default,"",0,"",0
,def.legendStructured.root.default,"",0,"",0
,def.tableNode.default,"",0,"",0
,def.tableNode.title.default,,1,"",0
,def.tableNode.description.default,"",0,"",0
,def.tableNode.maximize.default,false,1,"",0
,def.tableNode.search.default,"",0,"",0
,def.tableNode.applyMap.default,false,1,"",0
,def.tableNode.columns.default,"",0,"",0
,def.columnNode.default,"",0,"",0
,def.columnNode.data.default,"",0,"",0
,def.columnNode.title.default,"",0,"",0
,def.columnNode.description.default,"",0,"",0
,def.columnNode.visible.default,true,1,"",0
,def.columnNode.width.default,"",0,"",0
,def.columnNode.sort.default,"",0,"",0
,def.columnNode.searchable.default,true,1,"",0
,def.columnNode.filter.default,"",0,"",0
,def.filterNode.default,"",0,"",0
,def.filterNode.type.default,"",0,"",0
,def.filterNode.value.default,,1,"",0
,def.filterNode.static.default,false,1,"",0
,def.basicLayer.default,"",0,"",0
,def.basicLayer.id.default,"",0,"",0
,def.basicLayer.name.default,"",0,"",0
,def.basicLayer.url.default,"",0,"",0
,def.basicLayer.layerType.default,"",0,"",0
,def.basicLayer.toggleSymbology.default,true,1,"",0
,def.basicLayer.extent.default,"",0,"",0
,def.basicLayerNode.default,"",0,"",0
,def.basicLayerNode.id.default,"",0,"",0
,def.basicLayerNode.name.default,"",0,"",0
,def.basicLayerNode.url.default,"",0,"",0
,def.basicLayerNode.metadataUrl.default,null,1,"",0
,def.basicLayerNode.catalogueUrl.default,null,1,"",0
,def.basicLayerNode.layerType.default,"",0,"",0
,def.basicLayerNode.extent.default,"",0,"",0
,def.basicLayerNode.controls.default,"",0,"",0
,def.basicLayerNode.disabledControls.default,"",0,"",0
,def.basicLayerNode.state.default,"",0,"",0
,def.featureLayerNode.default,"",0,"",0
,def.featureLayerNode.id.default,"",0,"",0
,def.featureLayerNode.name.default,"",0,"",0
,def.featureLayerNode.nameField.default,"",0,"",0
,def.featureLayerNode.url.default,"",0,"",0
,def.featureLayerNode.metadataUrl.default,null,1,"",0
,def.featureLayerNode.catalogueUrl.default,null,1,"",0
,def.featureLayerNode.layerType.default,"",0,"",0
,def.featureLayerNode.toggleSymbology.default,true,1,"",0
,def.featureLayerNode.tolerance.default,5,1,"",0
,def.featureLayerNode.extent.default,"",0,"",0
,def.featureLayerNode.controls.default,"",0,"",0
,def.featureLayerNode.disabledControls.default,"",0,"",0
,def.featureLayerNode.state.default,"",0,"",0
,def.featureLayerNode.table.default,"",0,"",0
,def.wmsLayerNode.default,"",0,"",0
,def.wmsLayerNode.id.default,"",0,"",0
,def.wmsLayerNode.name.default,"",0,"",0
,def.wmsLayerNode.url.default,"",0,"",0
,def.wmsLayerNode.metadataUrl.default,null,1,"",0
,def.wmsLayerNode.catalogueUrl.default,null,1,"",0
,def.wmsLayerNode.layerEntries.default,"",0,"",0
,def.wmsLayerNode.layerType.default,"",0,"",0
,def.wmsLayerNode.featureInfoMimeType.default,"",0,"",0
,def.wmsLayerNode.legendMimeType.default,"",0,"",0
,def.wmsLayerNode.extent.default,"",0,"",0
,def.wmsLayerNode.controls.default,"",0,"",0
,def.wmsLayerNode.disabledControls.default,"",0,"",0
,def.wmsLayerNode.state.default,"",0,"",0
,def.dynamicLayerNode.default,"",0,"",0
,def.dynamicLayerNode.id.default,"",0,"",0
,def.dynamicLayerNode.name.default,"",0,"",0
,def.dynamicLayerNode.url.default,"",0,"",0
,def.dynamicLayerNode.metadataUrl.default,null,1,"",0
,def.dynamicLayerNode.catalogueUrl.default,null,1,"",0
,def.dynamicLayerNode.layerType.default,"",0,"",0
,def.dynamicLayerNode.toggleSymbology.default,true,1,"",0
,def.dynamicLayerNode.singleEntryCollapse.default,false,1,"",0
,def.dynamicLayerNode.layerEntries.default,"",0,"",0
,def.dynamicLayerNode.tolerance.default,5,1,"",0
,def.dynamicLayerNode.extent.default,"",0,"",0
,def.dynamicLayerNode.controls.default,"",0,"",0
,def.dynamicLayerNode.disabledControls.default,"",0,"",0
,def.dynamicLayerNode.state.default,"",0,"",0
,def.layerNode.default,"",0,"",0
,def.layerList.default,"",0,"",0
,def.baseMapNode.default,"",0,"",0
,def.baseMapNode.id.default,"",0,"",0
,def.baseMapNode.name.default,"",0,"",0
,def.baseMapNode.description.default,"",0,"",0
,def.baseMapNode.typeSummary.default,"",0,"",0
,def.baseMapNode.altText.default,"",0,"",0
,def.baseMapNode.thumbnailUrl.default,"",0,"",0
,def.baseMapNode.tileSchemaId.default,"",0,"",0
,def.baseMapNode.layers.default,"",0,"",0
,def.baseMapNode.attribution.default,"",0,"",0
,def.baseMapNode.zoomLevels.min.default,"",0,"",0
,def.baseMapNode.zoomLevels.max.default,"",0,"",0
,def.sideMenuNode.default,"",0,"",0
,def.sideMenuNode.logo.default,true,1,"",0
,def.sideMenuNode.items.default,"[[""layers"",""basemap""],[""fullscreen"",""export"",""share"",""touch"",""help"",""about""],[""language""],[""plugins""]]",1,"",0
,def.sideMenuButtons.default,"",0,"",0
,def.appBarNode.default,"",0,"",0
,def.appBarNode.sideMenu.default,true,1,"",0
,def.appBarNode.geoSearch.default,true,1,"",0
,def.appBarNode.basemap.default,true,1,"",0
,def.appBarNode.layers.default,true,1,"",0
,def.navBarNode.default,"",0,"",0
,def.navBarNode.zoom.default,buttons,1,"",0
,def.navBarNode.extra.default,"[""fullscreen"",""geoLocator"",""home"",""help""]",1,"",0
,def.navBarButtons.default,"",0,"",0
,def.mapComponentsNode.default,"",0,"",0
,def.mapComponentsNode.geoSearch.default,"",0,"",0
,def.mapComponentsNode.geoSearch.enabled.default,"",0,"",0
,def.mapComponentsNode.geoSearch.showGraphic.default,"",0,"",0
,def.mapComponentsNode.geoSearch.showInfo.default,"",0,"",0
,def.mapComponentsNode.mouseInfo.default,"",0,"",0
,def.mapComponentsNode.mouseInfo.spatialReference.default,"",0,"",0
,def.mapComponentsNode.northArrow.default,"",0,"",0
,def.mapComponentsNode.overviewMap.default,"",0,"",0
,def.mapComponentsNode.overviewMap.enabled.default,"",0,"",0
,def.mapComponentsNode.overviewMap.expandFactor.default,2,1,"",0
,def.mapComponentsNode.scaleBar.default,"",0,"",0
,def.mapComponentsNode.basemap.default,"",0,"",0
,def.circular.default,"",0,"",0
,def.circular.circRef.default,"",0,"",0
,def.legendGroupControls.items.enum.opacity,opacity,1,"",0
,def.legendGroupControls.items.enum.visibility,visibility,1,"",0
,def.legendGroupControls.items.enum.symbology,symbology,1,"",0
,def.legendGroupControls.items.enum.query,query,1,"",0
,def.legendGroupControls.items.enum.reload,reload,1,"",0
,def.legendGroupControls.items.enum.remove,remove,1,"",0
,def.legendGroupControls.items.enum.settings,settings,1,"",0
,def.legendEntryControls.items.enum.opacity,opacity,1,"",0
,def.legendEntryControls.items.enum.visibility,visibility,1,"",0
,def.legendEntryControls.items.enum.boundingBox,boundingBox,1,"",0
,def.legendEntryControls.items.enum.query,query,1,"",0
,def.legendEntryControls.items.enum.snapshot,snapshot,1,"",0
,def.legendEntryControls.items.enum.metadata,metadata,1,"",0
,def.legendEntryControls.items.enum.boundaryZoom,boundaryZoom,1,"",0
,def.legendEntryControls.items.enum.refresh,refresh,1,"",0
,def.legendEntryControls.items.enum.reload,reload,1,"",0
,def.legendEntryControls.items.enum.remove,remove,1,"",0
,def.legendEntryControls.items.enum.settings,settings,1,"",0
,def.legendEntryControls.items.enum.data,data,1,"",0
,def.legendEntryControls.items.enum.styles,styles,1,"",0
,def.entry.symbologyRenderStyle.enum.icons,icons,1,"",0
,def.entry.symbologyRenderStyle.enum.images,images,1,"",0
,def.legendAuto.type.enum.autopopulate,autopopulate,1,"",0
,def.legendStructured.type.enum.structured,structured,1,"",0
,def.columnNode.sort.enum.asc,asc,1,"",0
,def.columnNode.sort.enum.desc,desc,1,"",0
,def.filterNode.type.enum.string,string,1,"",0
,def.filterNode.type.enum.number,number,1,"",0
,def.filterNode.type.enum.date,date,1,"",0
,def.filterNode.type.enum.selector,selector,1,"",0
,def.basicLayer.layerType.enum.esriDynamic,esriDynamic,1,"",0
,def.basicLayer.layerType.enum.esriFeature,esriFeature,1,"",0
,def.basicLayer.layerType.enum.esriImage,esriImage,1,"",0
,def.basicLayer.layerType.enum.esriTile,esriTile,1,"",0
,def.basicLayer.layerType.enum.ogcWms,ogcWms,1,"",0
,def.basicLayerNode.layerType.enum.esriImage,esriImage,1,"",0
,def.basicLayerNode.layerType.enum.esriTile,esriTile,1,"",0
,def.featureLayerNode.layerType.enum.esriFeature,esriFeature,1,"",0
,def.wmsLayerNode.layerType.enum.ogcWms,ogcWms,1,"",0
,def.wmsLayerNode.featureInfoMimeType.enum.text/html;fgpv=summary,text/html;fgpv=summary,1,"",0
,def.wmsLayerNode.featureInfoMimeType.enum.text/html,text/html,1,"",0
,def.wmsLayerNode.featureInfoMimeType.enum.text/plain,text/plain,1,"",0
,def.wmsLayerNode.featureInfoMimeType.enum.application/json,application/json,1,"",0
,def.wmsLayerNode.legendMimeType.enum.image/png,image/png,1,"",0
,def.wmsLayerNode.legendMimeType.enum.image/gif,image/gif,1,"",0
,def.wmsLayerNode.legendMimeType.enum.image/jpeg,image/jpeg,1,"",0
,def.wmsLayerNode.legendMimeType.enum.image/svg,image/svg,1,"",0
,def.wmsLayerNode.legendMimeType.enum.image/svg+xml,image/svg+xml,1,"",0
,def.dynamicLayerNode.layerType.enum.esriDynamic,esriDynamic,1,"",0
,def.sideMenuButtons.items.enum.layers,layers,1,"",0
,def.sideMenuButtons.items.enum.basemap,basemap,1,"",0
,def.sideMenuButtons.items.enum.geoSearch,geoSearch,1,"",0
,def.sideMenuButtons.items.enum.about,about,1,"",0
,def.sideMenuButtons.items.enum.fullscreen,fullscreen,1,"",0
,def.sideMenuButtons.items.enum.export,export,1,"",0
,def.sideMenuButtons.items.enum.share,share,1,"",0
,def.sideMenuButtons.items.enum.touch,touch,1,"",0
,def.sideMenuButtons.items.enum.help,help,1,"",0
,def.sideMenuButtons.items.enum.language,language,1,"",0
,def.sideMenuButtons.items.enum.plugins,plugins,1,"",0
,def.navBarNode.zoom.enum.all,all,1,"",0
,def.navBarNode.zoom.enum.buttons,buttons,1,"",0
,def.navBarNode.zoom.enum.slider,slider,1,"",0
,def.navBarButtons.items.enum.geoLocator,geoLocator,1,"",0
,def.navBarButtons.items.enum.marquee,marquee,1,"",0
,def.navBarButtons.items.enum.home,home,1,"",0
,def.navBarButtons.items.enum.history,history,1,"",0
,def.navBarButtons.items.enum.basemap,basemap,1,"",0
,def.navBarButtons.items.enum.help,help,1,"",0
,def.navBarButtons.items.enum.fullscreen,fullscreen,1,"",0
,def.navBarButtons.items.enum.geoSearch,geoSearch,1,"",0
,def.navBarButtons.items.enum.sideMenu,sideMenu,1,"",0
,def.navBarButtons.items.enum.layers,layers,1,"",0
Version title,version.title,Version,1,Version,1
Language title,language.title,Language,1,Langue,1
User interface title,ui.title,"User Interface",1,"Interface utilisateur",1
,ui.fullscreen.title,Fullscreen,1,"Plein écran",1
,ui.theme.title,Theme,1,Thème,1
,ui.logoUrl.title,"Logo URL",1,"URL du logo",1
,ui.failureFeedback.title,"Failure feedback",1,"Rétroaction concernant la défaillance",1
,ui.title.title,Title,1,Titre,1
,ui.appBar.title,"Applications bar",1,"Barre d'applications",1
,ui.appBar.sideMenu.title,Side menu,1,Menu latéral,1
,ui.appBar.geoSearch.title,Geo search,1,Géorecherche,1
,ui.appBar.basemap.title,Basemap,1,"Carte de base",1
,ui.appBar.layers.title,Layers,1,Couches,1
,ui.navBar.title,"Navigation bar",1,"Barre de navigation",1
,ui.navBar.zoom.title,Zoom,1,Zoom,1
,ui.navBar.extra.title,Extra,1,Suppléments,1
,ui.sideMenu.title,"Side menu",1,"Menu latéral",1
,ui.sideMenu.logo.title,Logo,1,logo,1
,ui.sideMenu.items.title,Items,1,Éléments,1
,ui.restrictNavigation.title,"Restrict navigation",1,"Navigation restreinte",1
,ui.about.title,About,1,"À propos",1
,ui.help.title,Help,1,Aide,1
,ui.help.folderName.title,"Folder name",1,"Nom du dossier",1
,ui.legend.title,Legend,1,Légende,1
,ui.legend.reorderable.title,Reorderable,1,Réordonnable,1
,ui.legend.allowImport.title,"Allow import",1,"Permettre l'importation",1
,ui.legend.isOpen.title,"Legend openning",1,"Ouverture de la légende",1
,ui.legend.isOpen.large.title,Large,1,Étendu,1
,ui.legend.isOpen.medium.title,Medium,1,Moyen,1
,ui.legend.isOpen.small.title,Small,1,Restreint,1
,ui.tableIsOpen.title,"Table openning",1,"Ouverture de la table",1
,ui.tableIsOpen.id.title,ID,1,ID,1
,ui.tableIsOpen.large.title,Large,1,Étende,1
,ui.tableIsOpen.medium.title,Medium,1,Moyenne,1
,ui.tableIsOpen.small.title,Small,1,Restreinte,1
,ui.widgetsWidget.title,Widget,1,Widget,1
,services.title,Services,1,Services,1
,services.proxyUrl.title,"Proxy URL",1,"URL du proxy",1
,services.exportMapUrl.title,"Export map URL",1,"URL de la carte à exporter",1
,services.geometryUrl.title,"",0,"",0
,services.googleAPIKey.title,"",0,"",0
,services.geolocation.title,"",0,"",0
,services.coordInfo.title,"",0,"",0
,services.print.title,Print,1,Imprimer,1
,services.search.title,Search,1,Recherche,1
,services.search.disabledSearches.title,"",0,"",0
,services.search.serviceUrls.title,"",0,"",0
,services.search.serviceUrls.geoNames.title,"",0,"",0
,services.search.serviceUrls.geoLocation.title,"",0,"",0
,services.search.serviceUrls.geoSuggest.title,"",0,"",0
,services.search.serviceUrls.provinces.title,Provinces,1,Provinces,1
,services.search.serviceUrls.types.title,"",0,"",0
,services.export.title,Export,1,Exporter,1
,services.export.title.title,Title,1,Titre,1
,services.export.title.isSelected.title,"",0,"",0
,services.export.title.isSelectable.title,"",0,"",0
,services.export.title.value.title,"",0,"",0
,services.export.map.title,"",0,"",0
,services.export.map.isSelected.title,"",0,"",0
,services.export.map.isSelectable.title,"",0,"",0
,services.export.map.value.title,"",0,"",0
,services.export.mapElements.title,"",0,"",0
,services.export.mapElements.isSelected.title,"",0,"",0
,services.export.mapElements.isSelectable.title,"",0,"",0
,services.export.mapElements.value.title,"",0,"",0
,services.export.legend.title,"",0,"",0
,services.export.legend.isSelected.title,"",0,"",0
,services.export.legend.isSelectable.title,"",0,"",0
,services.export.legend.value.title,"",0,"",0
,services.export.legend.showInfoSymbology.title,"",0,"",0
,services.export.legend.showControlledSymbology.title,"",0,"",0
,services.export.footnote.title,Footnote,1,"Note en bas de page",1
,services.export.footnote.isSelected.title,"",0,"",0
,services.export.footnote.isSelectable.title,"",0,"",0
,services.export.footnote.value.title,"",0,"",0
,services.export.timestamp.title,Timestamp,1,"",0
,services.export.timestamp.isSelected.title,"",0,"",0
,services.export.timestamp.isSelectable.title,"",0,"",0
,services.export.timestamp.value.title,"",0,"",0
,map.title,"",0,"",0
,map.extentSets.title,"",0,"",0
,map.lodSets.title,"",0,"",0
,map.tileSchemas.title,"",0,"",0
,map.components.title,"",0,"",0
,map.components.geoSearch.title,"",0,"",0
,map.components.geoSearch.enabled.title,"",0,"",0
,map.components.geoSearch.showGraphic.title,"",0,"",0
,map.components.geoSearch.showInfo.title,"",0,"",0
,map.components.mouseInfo.title,"",0,"",0
,map.components.mouseInfo.spatialReference.title,"",0,"",0
,map.components.mouseInfo.spatialReference.wkid.title,"",0,"",0
,map.components.mouseInfo.spatialReference.vcsWkid.title,"",0,"",0
,map.components.mouseInfo.spatialReference.latestWkid.title,"",0,"",0
,map.components.mouseInfo.spatialReference.latestVcsWkid.title,"",0,"",0
,map.components.mouseInfo.spatialReference.wkt.title,"Well-known text (WKT)",1,"Well-known text (WKT)",1
,map.components.northArrow.title,"North arrow",1,"Flèche du Nord",1
,map.components.overviewMap.title,"Overview",1,"Aperçu",1
,map.components.overviewMap.enabled.title,"",0,"",0
,map.components.overviewMap.expandFactor.title,"",0,"",0
,map.components.scaleBar.title,"Scale bar",1, Échelle,1
,map.components.basemap.title,Basemap,1,"Carte de base",1
,map.initialBasemapId.title,"Initial basemap ID",1,"ID de la carte de base initiale",1
,map.baseMaps.title,Basemap,1,"Carte de base",1
,map.layers.title,Layers,1,Couches,1
,map.legend.title,Legend,1,Légende,1
,version.description,"The schema version used to validate the configuration file.  The schema should enumerate the list of versions accepted by this version of the viewer.",1,"",0
,language.description,"ISO 639-1 code indicating the language of strings in the schema file",1,"",0
,ui.description,"A set of service endpoints used by the viewer",1,"",0
,ui.fullscreen.description,"Indicates viewer takes up entire viewport",1,"",0
,ui.theme.description,"UI theme of the viewer",1,"",0
,ui.logoUrl.description,"An optional image to be used in the place of the default viewer logo",1,"",0
,ui.failureFeedback.failureMessage.description,"An optional message to be used in place of the failure message",1,"",0
,ui.failureFeedback.failureImageUrl.description,"An optional image to be used in place of the failure Image",1,"",0
,ui.title.description,"An optional title to be used in the place of the default viewer title",1,"",0
,ui.appBar.description,"Provides configuration to the main app toolbar. If not supplied, the all default appbar controls are displayed. To completely hide the toolbar, provide the following: { sideMenu: false, geoSearch: false, layers: false }.",1,"",0
,ui.restrictNavigation.description,"Will restrict the user from panning beyond the maximum extent.",1,"",0
,ui.about.description,"About properties from configuration file or Markdown folder",1,"",0
,ui.help.description,"Help properties",1,"",0
,ui.help.folderName.description,"Help folder name who contain the help description and images",1,"",0
,ui.legend.reorderable.description,"Specifies if the items in the legend can be reordered; structured legend ignores this property.",1,"",0
,ui.legend.allowImport.description,"Specifies if the user-added layers are allowed.",1,"",0
,ui.legend.isOpen.description,"Specifies whether the legend is opened by default on initial loading of the map for small, medium, and large viewports",1,"",0
,ui.legend.isOpen.large.description,"Whether the legend is opened by default on initial loading of the map for large viewports",1,"",0
,ui.legend.isOpen.medium.description,"Whether the legend is opened by default on initial loading of the map for medium viewports",1,"",0
,ui.legend.isOpen.small.description,"Whether the legend is opened by default on initial loading of the map for small viewports",1,"",0
,ui.tableIsOpen.description,"Specifies whether the table panel is opened by default on initial loading of the map for small, medium, and large viewports",1,"",0
,ui.tableIsOpen.id.description,"The id of the layer for referencing within the viewer",1,"",0
,ui.tableIsOpen.large.description,"Whether the table panel is opened by default on initial loading of the map for large viewports",1,"",0
,ui.tableIsOpen.medium.description,"Whether the table panel is opened by default on initial loading of the map for medium viewports",1,"",0
,ui.tableIsOpen.small.description,"Whether the table panel is opened by default on initial loading of the map for small viewports",1,"",0
,ui.widgetsWidget.description,"FIXME",1,"",0
,services.description,"A set of service endpoints used by the viewer",1,"",0
,services.proxyUrl.description,"An optional proxy to be used for dealing with same-origin issues.  URL must either be a relative path on the same server or an absolute path on a server which sets CORS headers.",1,"",0
,services.exportMapUrl.description,"An ESRI service endpoint for generating map images.  Should point directly to an endpoint that can be consumed by ESRI PrintTask.",1,"",0
,services.geometryUrl.description,"A URL to an ESRI ArcGIS geometry service REST endpoint.",1,"",0
,services.googleAPIKey.description,"Google API key to enable geo location and share link shortening.",1,"",0
,services.geolocation.description,"FIXME",1,"",0
,services.coordInfo.description,"FIXME",1,"",0
,services.print.description,"FIXME",1,"",0
,services.search.description,"Search properties including ability to disable certain types of searches (NTS, FSA, and/or LAT/LNG) and to set service endpoint urls",1,"",0
,services.search.disabledSearches.description,"Disable specific types of searches including NTS, FSA, or LAT/LNG",1,"",0
,services.search.serviceUrls.description,"Service endpoint urls",1,"",0
,services.search.serviceUrls.geoNames.description,"Endpoint url for geoNames service",1,"",0
,services.search.serviceUrls.geoLocation.description,"Endpoint url for geoLocation service",1,"",0
,services.search.serviceUrls.geoSuggest.description,"Endpoint url for geoSuggest service",1,"",0
,services.search.serviceUrls.provinces.description,"Endpoint url for provinces service",1,"",0
,services.search.serviceUrls.types.description,"Endpoint url for types service",1,"",0
,services.export.description,"Export properties",1,"",0
,services.export.title.description,"Title of the export graphic.",1,"",0
,services.export.map.description,"Map component.",1,"",0
,services.export.mapElements.description,"North arrow and scalebar component.",1,"",0
,services.export.legend.description,"Legend component.",1,"",0
,services.export.footnote.description,"Foot notice to add to exported map",1,"",0
,services.export.timestamp.description,"Timestamp component.",1,"",0
,map.description,"Core map properties (extent sets, levels of detail)",1,"",0
,map.extentSets.description,"The default, full and maximum extents of the map",1,"",0
,map.lodSets.description,"The levels of detail (zoom scales) available for the map",1,"",0
,map.tileSchemas.description,"A unique combination of an LoD and an extent set (each basemap must fit into a tile schema)",1,"",0
,map.initialBasemapId.description,"Initial basemap to load. If not supplied viewer will select any basemap.",1,"",0
,map.baseMaps.description,"A list of basemaps to be made available via the basemap selector.",1,"",0
,map.layers.description,"Layer list in the order which they should be added to the map.  NOTE: ESRI JSAPI v3 cannot draw imagery layers over feature layers.",1,"",0
,map.legend.description,"A structured or automatically generated legend",1,"",0
,version.default,"",0,"",0
,language.default,"",0,"",0
,ui.default,"",0,"",0
,ui.fullscreen.default,false,1,"",0
,ui.theme.default,default,1,"",0
,ui.logoUrl.default,"",0,"",0
,ui.failureFeedback.default,"",0,"",0
,ui.title.default,"",0,"",0
,ui.appBar.default.sideMenu,true,1,"",0
,ui.appBar.default.geoSearch,true,1,"",0
,ui.appBar.default.layers,true,1,"",0
,ui.restrictNavigation.default,false,1,"",0
,ui.about.default,"",0,"",0
,ui.help.default,"",0,"",0
,ui.help.folderName.default,"",0,"",0
,ui.legend.default,"",0,"",0
,ui.legend.reorderable.default,true,1,"",0
,ui.legend.allowImport.default,true,1,"",0
,ui.legend.isOpen.default,"",0,"",0
,ui.legend.isOpen.large.default,false,1,"",0
,ui.legend.isOpen.medium.default,false,1,"",0
,ui.legend.isOpen.small.default,false,1,"",0
,ui.tableIsOpen.default,"",0,"",0
,ui.tableIsOpen.id.default,"",0,"",0
,ui.tableIsOpen.large.default,false,1,"",0
,ui.tableIsOpen.medium.default,false,1,"",0
,ui.tableIsOpen.small.default,false,1,"",0
,ui.widgetsWidget.default,"",0,"",0
,services.default,"",0,"",0
,services.proxyUrl.default,"",0,"",0
,services.exportMapUrl.default,"",0,"",0
,services.geometryUrl.default,"",0,"",0
,services.googleAPIKey.default,"",0,"",0
,services.geolocation.default,"",0,"",0
,services.coordInfo.default,"",0,"",0
,services.print.default,"",0,"",0
,services.search.default,"",0,"",0
,services.search.disabledSearches.default,"",0,"",0
,services.search.serviceUrls.default,"",0,"",0
,services.search.serviceUrls.geoNames.default,"",0,"",0
,services.search.serviceUrls.geoLocation.default,"",0,"",0
,services.search.serviceUrls.geoSuggest.default,"",0,"",0
,services.search.serviceUrls.provinces.default,"",0,"",0
,services.search.serviceUrls.types.default,"",0,"",0
,services.export.default,"",0,"",0
,map.default,"",0,"",0
,map.extentSets.default,"",0,"",0
,map.lodSets.default,"",0,"",0
,map.tileSchemas.default,"",0,"",0
,map.initialBasemapId.default,"",0,"",0
,map.baseMaps.default,"",0,"",0
,map.legend.default,"",0,"",0
,version.enum.2.0,2.0,1,"",0
,language.enum.en,en,1,en,1
,language.enum.fr,fr,1,fr,1
,language.enum.es,es,1,es,1
,ui.theme.enum.default,default,1,"",0
,services.search.disabledSearches.items.enum.NTS,NTS,1,SNRC,1
,services.search.disabledSearches.items.enum.FSA,FSA,1,RTA,1
,services.search.disabledSearches.items.enum.LAT/LNG,LAT/LNG,1,LAT/LNG,1
